cnt,pos,speed,Dir,Force,
1,3.11027,1.036,-1,16
2,3.11130,1.036,-1,16
3,3.11233,1.031,-1,16
4,3.11338,1.052,-1,16
5,3.11448,1.095,-1,16
6,3.11559,1.113,-1,16
7,3.11669,1.098,-1,16
8,3.11779,1.096,-1,16
9,3.11893,1.143,-1,16
10,3.12012,1.187,-1,16
11,3.12129,1.176,-1,16
12,3.12245,1.153,-1,16
13,3.12364,1.191,-1,16
14,3.12489,1.256,-1,16
15,3.12616,1.262,-1,16
16,3.12738,1.221,-1,16
17,3.12862,1.246,-1,16
18,3.12995,1.326,-1,16
19,3.13130,1.347,-1,16
20,3.13260,1.304,-1,16
21,3.13392,1.322,-1,16
22,3.13532,1.424,-1,16
23,3.13674,1.403,-1,16
24,3.13957,1.421,-1,16
25,3.14104,1.475,-1,16
26,3.14254,1.499,-1,16
27,3.14405,1.510,-1,16
28,3.14557,1.513,-1,16
29,3.14711,1.546,-1,16
30,3.14871,1.598,-1,16
31,3.15032,1.614,-1,16
32,3.15192,1.594,-1,16
33,3.15355,1.629,-1,16
34,3.15523,1.684,-1,16
35,3.15693,1.702,-1,16
36,3.15864,1.708,-1,16
37,3.16036,1.717,-1,16
38,3.16211,1.756,-1,16
39,3.16392,1.806,-1,16
40,3.16573,1.807,-1,16
41,3.16755,1.818,-1,16
42,3.16940,1.854,-1,16
43,3.17129,1.889,-1,16
44,3.17321,1.918,-1,16
45,3.17513,1.919,-1,16
46,3.17707,1.949,-1,16
47,3.17907,1.992,-1,16
48,3.18108,2.009,-1,16
49,3.18310,2.021,-1,16
50,3.18514,2.041,-1,16
51,3.18723,2.089,-1,16
52,3.18934,2.111,-1,16
53,3.19145,2.116,-1,16
54,3.19359,2.137,-1,16
55,3.19578,2.185,-1,16
56,3.19800,2.219,-1,16
57,3.20021,2.213,-1,16
58,3.20471,2.276,-1,16
59,3.20703,2.317,-1,16
60,3.20933,2.304,-1,16
61,3.21165,2.315,-1,16
62,3.21400,2.394,-1,16
63,3.21639,2.394,-1,16
64,3.21877,2.374,-1,16
65,3.22115,2.377,-1,16
66,3.22356,2.419,-1,16
67,3.22603,2.465,-1,16
68,3.22848,2.452,-1,16
69,3.23093,2.446,-1,16
70,3.23341,2.533,-1,16
71,3.23847,2.519,-1,16
72,3.24098,2.512,-1,16
73,3.24353,2.554,-1,16
74,3.24612,2.591,-1,16
75,3.24870,2.576,-1,16
76,3.25127,2.569,-1,16
77,3.25388,2.610,-1,16
78,3.25651,2.625,-1,16
79,3.25911,2.605,-1,16
80,3.26170,2.590,-1,16
81,3.26431,2.614,-1,16
82,3.26695,2.634,-1,16
83,3.26957,2.616,-1,16
84,3.27217,2.609,-1,16
85,3.27480,2.622,-1,16
86,3.27744,2.640,-1,16
87,3.28006,2.624,-1,16
88,3.28268,2.622,-1,16
89,3.28531,2.625,-1,16
90,3.28794,2.636,-1,16
91,3.29057,2.628,-1,16
92,3.29318,2.613,-1,16
93,3.29579,2.607,-1,16
94,3.29841,2.615,-1,16
95,3.30102,2.610,-1,16
96,3.30360,2.585,-1,16
97,3.30617,2.574,-1,16
98,3.30875,2.577,-1,16
99,3.31133,2.583,-1,16
100,3.31389,2.555,-1,16
101,3.31642,2.534,-1,16
102,3.31897,2.548,-1,16
103,3.32152,2.518,-1,16
104,3.32653,2.494,-1,16
105,3.32905,2.517,-1,16
106,3.33155,2.507,-1,16
107,3.33402,2.471,-1,16
108,3.33648,2.455,-1,16
109,3.33896,2.478,-1,16
110,3.34141,2.457,-1,16
111,3.34384,2.422,-1,16
112,3.34625,2.410,-1,16
113,3.34867,2.422,-1,16
114,3.35106,2.395,-1,16
115,3.35343,2.363,-1,16
116,3.35814,2.361,-1,16
117,3.36047,2.332,-1,16
118,3.36277,2.298,-1,16
119,3.36505,2.285,-1,16
120,3.36735,2.296,-1,16
121,3.36962,2.266,-1,16
122,3.37185,2.232,-1,16
123,3.37407,2.223,-1,16
124,3.37631,2.237,-1,16
125,3.37851,2.166,-1,16
126,3.38068,2.166,-1,16
127,3.38284,2.163,-1,16
128,3.38502,2.177,-1,16
129,3.38716,2.144,-1,16
130,3.38926,2.102,-1,16
131,3.39136,2.100,-1,16
132,3.39348,2.111,-1,16
133,3.39556,2.089,-1,16
134,3.39760,2.037,-1,16
135,3.39964,2.037,-1,16
136,3.40169,2.049,-1,16
137,3.40372,2.031,-1,16
138,3.40570,1.987,-1,16
139,3.40767,1.964,-1,16
140,3.40965,1.982,-1,16
141,3.41162,1.966,-1,16
142,3.41355,1.937,-1,16
143,3.41546,1.908,-1,16
144,3.41738,1.915,-1,16
145,3.41930,1.921,-1,16
146,3.42119,1.888,-1,16
147,3.42306,1.872,-1,16
148,3.42493,1.868,-1,16
149,3.42680,1.871,-1,16
150,3.42865,1.855,-1,16
151,3.43048,1.828,-1,16
152,3.43231,1.831,-1,16
153,3.43413,1.824,-1,16
154,3.43594,1.807,-1,16
155,3.43773,1.792,-1,16
156,3.43952,1.785,-1,16
157,3.44131,1.790,-1,16
158,3.44308,1.775,-1,16
159,3.44483,1.747,-1,16
160,3.44659,1.756,-1,16
161,3.44835,1.758,-1,16
162,3.45009,1.745,-1,16
163,3.45182,1.734,-1,16
164,3.45355,1.723,-1,16
165,3.45528,1.736,-1,16
166,3.45701,1.731,-1,16
167,3.45872,1.707,-1,16
168,3.46044,1.716,-1,16
169,3.46216,1.719,-1,16
170,3.46387,1.710,-1,16
171,3.46557,1.704,-1,16
172,3.46727,1.696,-1,16
173,3.46898,1.711,-1,16
174,3.47069,1.717,-1,16
175,3.47238,1.689,-1,16
176,3.47407,1.690,-1,16
177,3.47749,1.707,-1,16
178,3.47920,1.708,-1,16
179,3.48089,1.689,-1,16
180,3.48257,1.689,-1,16
181,3.48429,1.713,-1,16
182,3.48599,1.707,-1,16
183,3.48768,1.691,-1,16
184,3.48938,1.699,-1,16
185,3.49108,1.700,-1,16
186,3.49279,1.706,-1,16
187,3.49449,1.700,-1,16
188,3.49618,1.687,-1,16
189,3.49788,1.701,-1,16
190,3.49958,1.705,-1,16
191,3.50127,1.687,-1,16
192,3.50296,1.693,-1,16
193,3.50466,1.695,-1,16
194,3.50635,1.696,-1,16
195,3.50805,1.697,-1,16
196,3.50973,1.679,-1,16
197,3.51310,1.694,-1,16
198,3.51479,1.681,-1,16
199,3.51646,1.678,-1,16
200,3.51814,1.674,-1,16
201,3.51980,1.659,-1,16
202,3.52146,1.665,-1,16
203,3.52312,1.661,-1,16
204,3.52477,1.650,-1,16
205,3.52642,1.651,-1,16
206,3.52806,1.635,-1,16
207,3.52968,1.625,-1,16
208,3.53132,1.639,-1,16
209,3.53295,1.627,-1,16
210,3.53456,1.614,-1,16
211,3.53618,1.615,-1,16
212,3.53779,1.606,-1,16
213,3.53939,1.603,-1,16
214,3.54099,1.603,-1,16
215,3.54258,1.586,-1,16
216,3.54416,1.579,-1,16
217,3.54574,1.588,-1,16
218,3.54731,1.569,-1,16
219,3.54887,1.562,-1,16
220,3.55044,1.563,-1,16
221,3.55199,1.552,-1,16
222,3.55354,1.548,-1,16
223,3.55509,1.549,-1,16
224,3.55662,1.532,-1,16
225,3.55815,1.528,-1,16
226,3.55968,1.538,-1,16
227,3.56121,1.522,-1,16
228,3.56272,1.515,-1,16
229,3.56425,1.527,-1,16
230,3.56576,1.514,-1,16
231,3.56726,1.499,-1,16
232,3.56877,1.511,-1,16
233,3.57028,1.507,-1,16
234,3.57177,1.496,-1,16
235,3.57327,1.499,-1,16
236,3.57477,1.497,-1,16
237,3.57625,1.479,-1,16
238,3.57774,1.490,-1,16
239,3.57923,1.491,-1,16
240,3.58071,1.474,-1,16
241,3.58219,1.481,-1,16
242,3.58367,1.488,-1,16
243,3.58514,1.470,-1,16
244,3.58662,1.475,-1,16
245,3.58811,1.488,-1,16
246,3.58959,1.480,-1,16
247,3.59107,1.477,-1,16
248,3.59256,1.490,-1,16
249,3.59404,1.487,-1,16
250,3.59553,1.484,-1,16
251,3.59702,1.495,-1,16
252,3.59852,1.498,-1,16
253,3.60001,1.490,-1,16
254,3.60152,1.507,-1,16
255,3.60302,1.510,-1,16
256,3.60452,1.498,-1,16
257,3.60604,1.513,-1,16
258,3.60908,1.519,-1,16
259,3.61061,1.531,-1,16
260,3.61215,1.540,-1,16
261,3.61368,1.531,-1,16
262,3.61523,1.546,-1,16
263,3.61679,1.567,-1,16
264,3.61836,1.564,-1,16
265,3.61993,1.576,-1,16
266,3.62152,1.590,-1,16
267,3.62311,1.586,-1,16
268,3.62471,1.603,-1,16
269,3.62633,1.623,-1,16
270,3.62796,1.623,-1,16
271,3.62959,1.638,-1,16
272,3.63124,1.649,-1,16
273,3.63289,1.650,-1,16
274,3.63457,1.674,-1,16
275,3.63626,1.688,-1,16
276,3.63795,1.694,-1,16
277,3.63967,1.714,-1,16
278,3.64138,1.719,-1,16
279,3.64312,1.735,-1,16
280,3.64488,1.769,-1,16
281,3.64665,1.789,-1,16
282,3.64844,1.808,-1,16
283,3.65207,1.820,-1,16
284,3.65392,1.847,-1,16
285,3.65578,1.862,-1,16
286,3.65766,1.882,-1,16
287,3.65957,1.905,-1,16
288,3.66148,1.940,-1,16
289,3.66342,1.940,-1,16
290,3.66538,1.960,-1,16
291,3.66737,1.988,-1,16
292,3.66937,2.003,-1,16
293,3.67138,2.015,-1,16
294,3.67343,2.049,-1,16
295,3.67551,2.078,-1,16
296,3.67762,2.106,-1,16
297,3.67973,2.110,-1,16
298,3.68187,2.140,-1,16
299,3.68405,2.179,-1,16
300,3.68625,2.208,-1,16
301,3.68847,2.216,-1,16
302,3.69070,2.232,-1,16
303,3.69298,2.276,-1,16
304,3.69529,2.308,-1,16
305,3.69761,2.323,-1,16
306,3.69994,2.333,-1,16
307,3.70231,2.371,-1,16
308,3.70472,2.408,-1,16
309,3.70715,2.433,-1,16
310,3.70959,2.438,-1,16
311,3.71206,2.467,-1,16
312,3.71457,2.507,-1,16
313,3.71710,2.538,-1,16
314,3.71964,2.539,-1,16
315,3.72220,2.559,-1,16
316,3.72481,2.610,-1,16
317,3.72745,2.638,-1,16
318,3.73009,2.639,-1,16
319,3.73275,2.660,-1,16
320,3.73546,2.707,-1,16
321,3.73819,2.735,-1,16
322,3.74093,2.738,-1,16
323,3.74369,2.763,-1,16
324,3.74649,2.799,-1,16
325,3.74932,2.826,-1,16
326,3.75215,2.833,-1,16
327,3.75501,2.857,-1,16
328,3.75790,2.889,-1,16
329,3.76081,2.912,-1,16
330,3.76374,2.933,-1,16
331,3.76668,2.942,-1,16
332,3.76965,2.967,-1,16
333,3.77265,3.004,-1,16
334,3.77567,3.017,-1,16
335,3.77869,3.022,-1,16
336,3.78174,3.052,-1,16
337,3.78482,3.079,-1,16
338,3.78792,3.093,-1,16
339,3.79102,3.102,-1,16
340,3.79414,3.120,-1,16
341,3.79728,3.143,-1,16
342,3.80044,3.163,-1,16
343,3.80361,3.167,-1,16
344,3.80679,3.176,-1,16
345,3.80999,3.206,-1,16
346,3.81321,3.219,-1,16
347,3.81643,3.220,-1,16
348,3.81966,3.229,-1,16
349,3.82291,3.246,-1,16
350,3.82617,3.261,-1,16
351,3.82943,3.266,-1,16
352,3.83270,3.264,-1,16
353,3.83597,3.276,-1,16
354,3.83927,3.293,-1,16
355,3.84256,3.294,-1,16
356,3.84584,3.285,-1,16
357,3.84914,3.297,-1,16
358,3.85245,3.306,-1,16
359,3.85575,3.305,-1,16
360,3.86236,3.304,-1,16
361,3.86567,3.308,-1,16
362,3.86898,3.312,-1,16
363,3.87229,3.307,-1,16
364,3.87559,3.300,-1,16
365,3.87889,3.303,-1,16
366,3.88220,3.303,-1,16
367,3.88549,3.300,-1,16
368,3.88878,3.289,-1,16
369,3.89207,3.282,-1,16
370,3.89535,3.287,-1,16
371,3.89863,3.281,-1,16
372,3.90190,3.262,-1,16
373,3.90841,3.257,-1,16
374,3.90841,3.244,-1,16
375,3.91166,3.238,-1,16
376,3.91812,3.224,-1,16
377,3.92133,3.214,-1,16
378,3.92454,3.210,-1,16
379,3.92774,3.196,-1,16
380,3.93092,3.177,-1,16
381,3.93409,3.173,-1,16
382,3.93725,3.162,-1,16
383,3.94040,3.147,-1,16
384,3.94353,3.135,-1,16
385,3.94666,3.121,-1,16
386,3.94976,3.107,-1,16
387,3.95287,3.104,-1,16
388,3.95595,3.082,-1,16
389,3.95901,3.064,-1,16
390,3.96207,3.059,-1,16
391,3.96512,3.045,-1,16
392,3.96814,3.028,-1,16
393,3.97116,3.018,-1,16
394,3.97416,2.999,-1,16
395,3.97715,2.985,-1,16
396,3.98012,2.978,-1,16
397,3.98308,2.959,-1,16
398,3.98603,2.942,-1,16
399,3.98896,2.934,-1,16
400,3.99188,2.922,-1,16
401,3.99479,2.906,-1,16
402,3.99768,2.892,-1,16
403,4.00057,2.886,-1,16
404,4.00343,2.868,-1,16
405,4.00629,2.854,-1,16
406,4.00914,2.850,-1,16
407,4.01197,2.835,-1,16
408,4.01479,2.818,-1,16
409,4.02041,2.802,-1,16
410,4.02320,2.795,-1,16
411,4.02599,2.786,-1,16
412,4.02877,2.776,-1,16
413,4.03153,2.764,-1,16
414,4.03428,2.752,-1,16
415,4.03704,2.753,-1,16
416,4.03978,2.741,-1,16
417,4.04250,2.725,-1,16
418,4.04523,2.730,-1,16
419,4.04795,2.723,-1,16
420,4.05066,2.710,-1,16
421,4.05337,2.709,-1,16
422,4.05877,2.696,-1,16
423,4.06146,2.685,-1,16
424,4.06415,2.689,-1,16
425,4.06683,2.686,-1,16
426,4.06951,2.679,-1,16
427,4.07218,2.673,-1,16
428,4.07486,2.679,-1,16
429,4.07753,2.670,-1,16
430,4.08019,2.664,-1,16
431,4.08287,2.670,-1,16
432,4.08553,2.666,-1,16
433,4.08819,2.658,-1,16
434,4.09085,2.657,-1,16
435,4.09351,2.665,-1,16
436,4.09617,2.656,-1,16
437,4.09881,2.648,-1,16
438,4.10147,2.656,-1,16
439,4.10413,2.659,-1,16
440,4.10678,2.648,-1,16
441,4.10942,2.644,-1,16
442,4.11208,2.655,-1,16
443,4.11472,2.646,-1,16
444,4.11737,2.642,-1,16
445,4.12000,2.639,-1,16
446,4.12265,2.645,-1,16
447,4.12529,2.638,-1,16
448,4.12791,2.627,-1,16
449,4.13055,2.636,-1,16
450,4.13318,2.629,-1,16
451,4.13580,2.622,-1,16
452,4.13842,2.616,-1,16
453,4.14104,2.607,-1,16
454,4.14624,2.595,-1,16
455,4.14884,2.598,-1,16
456,4.15142,2.588,-1,16
457,4.15400,2.578,-1,16
458,4.15657,2.568,-1,16
459,4.15914,2.569,-1,16
460,4.16170,2.556,-1,16
461,4.16424,2.543,-1,16
462,4.16677,2.533,-1,16
463,4.16931,2.536,-1,16
464,4.17182,2.517,-1,16
465,4.17432,2.495,-1,16
466,4.17681,2.495,-1,16
467,4.17931,2.469,-1,16
468,4.18423,2.449,-1,16
469,4.18668,2.456,-1,16
470,4.18912,2.442,-1,16
471,4.19154,2.416,-1,16
472,4.19394,2.399,-1,16
473,4.19635,2.410,-1,16
474,4.19874,2.360,-1,16
475,4.20344,2.343,-1,16
476,4.20579,2.352,-1,16
477,4.20579,2.328,-1,16
478,4.20812,2.328,-1,16
479,4.21042,2.301,-1,16
480,4.21270,2.284,-1,16
481,4.21500,2.298,-1,16
482,4.21728,2.275,-1,16
483,4.21952,2.242,-1,16
484,4.22175,2.228,-1,16
485,4.22399,2.246,-1,16
486,4.22622,2.224,-1,16
487,4.22840,2.185,-1,16
488,4.23057,2.174,-1,16
489,4.23277,2.196,-1,16
490,4.23495,2.182,-1,16
491,4.23709,2.133,-1,16
492,4.23922,2.130,-1,16
493,4.24137,2.154,-1,16
494,4.24352,2.152,-1,16
495,4.24562,2.100,-1,16
496,4.24772,2.095,-1,16
497,4.24983,2.118,-1,16
498,4.25196,2.126,-1,16
499,4.25405,2.085,-1,16
500,4.25611,2.062,-1,16
501,4.25820,2.094,-1,16
502,4.26031,2.104,-1,16
503,4.26239,2.082,-1,16
504,4.26652,2.077,-1,16
505,4.26862,2.101,-1,16
506,4.27071,2.090,-1,16
507,4.27277,2.065,-1,16
508,4.27485,2.074,-1,16
509,4.27696,2.112,-1,16
510,4.27907,2.111,-1,16
511,4.28117,2.096,-1,16
512,4.28326,2.092,-1,16
513,4.28539,2.130,-1,16
514,4.28754,2.147,-1,16
515,4.28967,2.139,-1,16
516,4.29398,2.167,-1,16
517,4.29618,2.202,-1,16
518,4.29838,2.202,-1,16
519,4.30059,2.207,-1,16
520,4.30282,2.231,-1,16
521,4.30510,2.274,-1,16
522,4.30738,2.286,-1,16
523,4.30968,2.297,-1,16
524,4.31200,2.320,-1,16
525,4.31436,2.358,-1,16
526,4.31674,2.387,-1,16
527,4.31915,2.406,-1,16
528,4.32157,2.425,-1,16
529,4.32404,2.466,-1,16
530,4.32655,2.507,-1,16
531,4.32909,2.538,-1,16
532,4.33164,2.552,-1,16
533,4.33423,2.590,-1,16
534,4.33688,2.651,-1,16
535,4.33955,2.676,-1,16
536,4.34225,2.693,-1,16
537,4.34498,2.735,-1,16
538,4.34778,2.799,-1,16
539,4.35061,2.831,-1,16
540,4.35346,2.849,-1,16
541,4.35636,2.898,-1,16
542,4.35932,2.960,-1,16
543,4.36231,2.994,-1,16
544,4.36533,3.022,-1,16
545,4.36841,3.072,-1,16
546,4.37153,3.125,-1,16
547,4.37791,3.201,-1,16
548,4.38115,3.247,-1,16
549,4.38446,3.302,-1,16
550,4.38780,3.349,-1,16
551,4.39118,3.380,-1,16
552,4.39461,3.425,-1,16
553,4.39808,3.474,-1,16
554,4.40160,3.517,-1,16
555,4.40516,3.559,-1,16
556,4.40876,3.597,-1,16
557,4.41240,3.640,-1,16
558,4.41608,3.686,-1,16
559,4.42356,3.758,-1,16
560,4.42736,3.799,-1,16
561,4.43120,3.837,-1,16
562,4.43507,3.873,-1,16
563,4.43897,3.901,-1,16
564,4.44291,3.941,-1,16
565,4.44688,3.970,-1,16
566,4.45088,4.003,-1,16
567,4.45491,4.027,-1,16
568,4.45897,4.055,-1,16
569,4.46305,4.084,-1,16
570,4.46715,4.102,-1,16
571,4.47128,4.129,-1,16
572,4.47543,4.145,-1,16
573,4.47959,4.162,-1,16
574,4.48377,4.180,-1,16
575,4.48797,4.197,-1,16
576,4.49217,4.209,-1,16
577,4.49640,4.224,-1,16
578,4.50063,4.235,-1,16
579,4.50487,4.241,-1,16
580,4.50913,4.255,-1,16
581,4.51339,4.263,-1,16
582,4.51766,4.271,-1,16
583,4.52194,4.279,-1,16
584,4.52622,4.281,-1,16
585,4.53051,4.283,-1,16
586,4.53479,4.288,-1,16
587,4.53909,4.292,-1,16
588,4.54337,4.288,-1,16
589,4.54766,4.289,-1,16
590,4.55195,4.291,-1,16
591,4.55624,4.284,-1,16
592,4.56052,4.281,-1,16
593,4.56479,4.277,-1,16
594,4.56907,4.266,-1,16
595,4.57760,4.263,-1,16
596,4.58185,4.254,-1,16
597,4.58610,4.249,-1,16
598,4.59034,4.238,-1,16
599,4.59457,4.231,-1,16
600,4.59879,4.219,-1,16
601,4.60300,4.215,-1,16
602,4.60720,4.201,-1,16
603,4.61139,4.186,-1,16
604,4.61557,4.176,-1,16
605,4.61973,4.163,-1,16
606,4.62388,4.150,-1,16
607,4.62802,4.135,-1,16
608,4.63214,4.126,-1,16
609,4.63625,4.108,-1,16
610,4.64035,4.097,-1,16
611,4.64442,4.076,-1,16
612,4.64849,4.049,-1,16
613,4.65254,4.033,-1,16
614,4.65657,4.021,-1,16
615,4.66459,4.004,-1,16
616,4.66858,3.986,-1,16
617,4.67255,3.970,-1,16
618,4.67650,3.954,-1,16
619,4.68044,3.939,-1,16
620,4.68436,3.922,-1,16
621,4.68827,3.910,-1,16
622,4.69217,3.891,-1,16
623,4.69604,3.876,-1,16
624,4.69990,3.858,-1,16
625,4.70374,3.838,-1,16
626,4.70757,3.829,-1,16
627,4.71138,3.811,-1,16
628,4.71517,3.796,-1,16
629,4.71895,3.777,-1,16
630,4.72271,3.763,-1,16
631,4.72646,3.749,-1,16
632,4.73019,3.730,-1,16
633,4.73391,3.717,-1,16
634,4.73762,3.704,-1,16
635,4.74130,3.685,-1,16
636,4.74497,3.675,-1,16
637,4.74863,3.656,-1,16
638,4.75228,3.645,-1,16
639,4.75591,3.632,-1,16
640,4.75952,3.613,-1,16
641,4.76313,3.604,-1,16
642,4.76671,3.589,-1,16
643,4.77029,3.577,-1,16
644,4.77386,3.566,-1,16
645,4.77741,3.553,-1,16
646,4.78095,3.541,-1,16
647,4.78449,3.533,-1,16
648,4.78800,3.516,-1,16
649,4.79151,3.510,-1,16
650,4.79501,3.499,-1,16
651,4.79850,3.489,-1,16
652,4.80198,3.482,-1,16
653,4.80545,3.471,-1,16
654,4.80891,3.461,-1,16
655,4.81237,3.457,-1,16
656,4.81582,3.445,-1,16
657,4.81926,3.443,-1,16
658,4.82269,3.431,-1,16
659,4.82953,3.420,-1,16
660,4.83294,3.414,-1,16
661,4.83635,3.407,-1,16
662,4.83975,3.397,-1,16
663,4.84314,3.390,-1,16
664,4.84653,3.390,-1,16
665,4.84991,3.384,-1,16
666,4.85328,3.369,-1,16
667,4.85665,3.368,-1,16
668,4.86002,3.366,-1,16
669,4.86338,3.360,-1,16
670,4.86673,3.353,-1,16
671,4.87342,3.344,-1,16
672,4.87676,3.345,-1,16
673,4.88010,3.336,-1,16
674,4.88343,3.327,-1,16
675,4.88676,3.333,-1,16
676,4.89009,3.329,-1,16
677,4.89342,3.326,-1,16
678,4.89674,3.322,-1,16
679,4.90006,3.319,-1,16
680,4.90338,3.324,-1,16
681,4.90670,3.321,-1,16
682,4.91001,3.313,-1,16
683,4.91333,3.316,-1,16
684,4.91665,3.318,-1,16
685,4.91996,3.315,-1,16
686,4.92328,3.314,-1,16
687,4.92659,3.310,-1,16
688,4.92990,3.310,-1,16
689,4.93321,3.314,-1,16
690,4.93652,3.308,-1,16
691,4.93982,3.302,-1,16
692,4.94313,3.309,-1,16
693,4.94643,3.303,-1,16
694,4.94973,3.299,-1,16
695,4.95303,3.294,-1,16
696,4.95632,3.295,-1,16
697,4.95961,3.292,-1,16
698,4.96290,3.283,-1,16
699,4.96617,3.274,-1,16
700,4.96944,3.275,-1,16
701,4.97271,3.253,-1,16
702,4.97922,3.252,-1,16
703,4.98246,3.244,-1,16
704,4.98570,3.233,-1,16
705,4.98892,3.226,-1,16
706,4.99214,3.213,-1,16
707,4.99533,3.198,-1,16
708,4.99853,3.198,-1,16
709,5.00172,3.184,-1,16
710,5.00488,3.165,-1,16
711,5.00804,3.158,-1,16
712,5.01119,3.151,-1,16
713,5.01432,3.130,-1,16
714,5.01744,3.125,-1,16
715,5.02055,3.108,-1,16
716,5.02364,3.093,-1,16
717,5.02673,3.086,-1,16
718,5.02980,3.050,-1,16
719,5.03590,3.049,-1,16
720,5.03893,3.029,-1,16
721,5.04193,3.008,-1,16
722,5.04494,3.003,-1,16
723,5.04793,2.988,-1,16
724,5.05090,2.970,-1,16
725,5.05385,2.957,-1,16
726,5.05680,2.943,-1,16
727,5.05972,2.926,-1,16
728,5.06264,2.914,-1,16
729,5.06554,2.905,-1,16
730,5.06842,2.884,-1,16
731,5.07129,2.870,-1,16
732,5.07416,2.865,-1,16
733,5.07700,2.844,-1,16
734,5.07983,2.828,-1,16
735,5.08266,2.826,-1,16
736,5.08547,2.809,-1,16
737,5.08826,2.790,-1,16
738,5.09104,2.783,-1,16
739,5.09382,2.774,-1,16
740,5.09658,2.762,-1,16
741,5.09932,2.746,-1,16
742,5.10206,2.740,-1,16
743,5.10479,2.729,-1,16
744,5.11021,2.707,-1,16
745,5.11291,2.696,-1,16
746,5.11560,2.688,-1,16
747,5.11827,2.676,-1,16
748,5.12095,2.674,-1,16
749,5.12361,2.663,-1,16
750,5.12626,2.652,-1,16
751,5.12891,2.650,-1,16
752,5.13156,2.646,-1,16
753,5.13419,2.631,-1,16
754,5.13681,2.623,-1,16
755,5.13944,2.631,-1,16
756,5.14206,2.623,-1,16
757,5.14467,2.610,-1,16
758,5.14729,2.612,-1,16
759,5.14990,2.617,-1,16
760,5.15252,2.614,-1,16
761,5.15773,2.612,-1,16
762,5.16034,2.614,-1,16
763,5.16295,2.609,-1,16
764,5.16556,2.605,-1,16
765,5.16818,2.622,-1,16
766,5.17081,2.624,-1,16
767,5.17342,2.618,-1,16
768,5.17606,2.632,-1,16
769,5.17870,2.644,-1,16
770,5.18134,2.644,-1,16
771,5.18399,2.650,-1,16
772,5.18666,2.671,-1,16
773,5.18934,2.677,-1,16
774,5.19202,2.681,-1,16
775,5.19472,2.698,-1,16
776,5.19744,2.717,-1,16
777,5.20017,2.729,-1,16
778,5.20290,2.738,-1,16
779,5.20567,2.767,-1,16
780,5.20846,2.785,-1,16
781,5.21125,2.797,-1,16
782,5.21408,2.825,-1,16
783,5.21693,2.847,-1,16
784,5.21979,2.865,-1,16
785,5.22268,2.891,-1,16
786,5.22560,2.918,-1,16
787,5.22854,2.938,-1,16
788,5.23150,2.963,-1,16
789,5.23450,2.995,-1,16
790,5.23752,3.020,-1,16
791,5.24056,3.040,-1,16
792,5.24363,3.074,-1,16
793,5.24673,3.102,-1,16
794,5.24986,3.125,-1,16
795,5.25621,3.190,-1,16
796,5.25943,3.222,-1,16
797,5.26269,3.259,-1,16
798,5.26598,3.289,-1,16
799,5.26930,3.321,-1,16
800,5.27267,3.365,-1,16
801,5.27607,3.400,-1,16
802,5.27950,3.433,-1,16
803,5.28297,3.473,-1,16
804,5.28649,3.516,-1,16
805,5.29005,3.557,-1,16
806,5.29364,3.596,-1,16
807,5.29728,3.633,-1,16
808,5.30096,3.684,-1,16
809,5.30468,3.725,-1,16
810,5.30845,3.765,-1,16
811,5.31226,3.810,-1,16
812,5.31611,3.852,-1,16
813,5.32001,3.900,-1,16
814,5.32395,3.936,-1,16
815,5.33195,4.026,-1,16
816,5.33602,4.067,-1,16
817,5.34013,4.144,-1,16
818,5.34427,4.186,-1,16
819,5.34846,4.186,-1,16
820,5.35268,4.224,-1,16
821,5.35694,4.260,-1,16
822,5.36124,4.293,-1,16
823,5.36556,4.327,-1,16
824,5.36993,4.364,-1,16
825,5.37432,4.390,-1,16
826,5.37873,4.416,-1,16
827,5.38317,4.441,-1,16
828,5.38764,4.467,-1,16
829,5.39213,4.489,-1,16
830,5.39664,4.510,-1,16
831,5.40116,4.525,-1,16
832,5.40571,4.546,-1,16
833,5.41026,4.552,-1,16
834,5.41483,4.568,-1,16
835,5.41941,4.579,-1,16
836,5.42400,4.590,-1,16
837,5.42859,4.596,-1,16
838,5.43319,4.600,-1,16
839,5.43780,4.606,-1,16
840,5.44241,4.607,-1,16
841,5.44702,4.610,-1,16
842,5.45163,4.613,-1,16
843,5.45624,4.610,-1,16
844,5.46085,4.607,-1,16
845,5.47005,4.599,-1,16
846,5.47464,4.590,-1,16
847,5.47923,4.590,-1,16
848,5.48381,4.582,-1,16
849,5.48838,4.570,-1,16
850,5.49294,4.559,-1,16
851,5.49749,4.550,-1,16
852,5.50203,4.538,-1,16
853,5.50656,4.530,-1,16
854,5.51108,4.518,-1,16
855,5.51558,4.505,-1,16
856,5.52007,4.486,-1,16
857,5.52454,4.471,-1,16
858,5.52900,4.459,-1,16
859,5.53344,4.425,-1,16
860,5.54227,4.405,-1,16
861,5.54666,4.390,-1,16
862,5.54666,4.367,-1,16
863,5.55538,4.352,-1,16
864,5.55971,4.328,-1,16
865,5.56402,4.311,-1,16
866,5.56831,4.291,-1,16
867,5.57258,4.271,-1,16
868,5.57682,4.245,-1,16
869,5.58105,4.225,-1,16
870,5.58526,4.206,-1,16
871,5.58944,4.184,-1,16
872,5.59360,4.162,-1,16
873,5.59774,4.137,-1,16
874,5.60186,4.119,-1,16
875,5.60595,4.097,-1,16
876,5.61002,4.070,-1,16
877,5.61407,4.047,-1,16
878,5.61810,4.027,-1,16
879,5.62211,4.008,-1,16
880,5.62609,3.986,-1,16
881,5.63005,3.961,-1,16
882,5.63399,3.939,-1,16
883,5.63791,3.920,-1,16
884,5.64182,3.902,-1,16
885,5.64569,3.877,-1,16
886,5.64956,3.864,-1,16
887,5.65340,3.842,-1,16
888,5.65722,3.825,-1,16
889,5.66103,3.803,-1,16
890,5.66481,3.787,-1,16
891,5.67234,3.753,-1,16
892,5.67608,3.738,-1,16
893,5.67980,3.723,-1,16
894,5.68351,3.709,-1,16
895,5.68720,3.692,-1,16
896,5.69088,3.678,-1,16
897,5.69455,3.667,-1,16
898,5.69820,3.655,-1,16
899,5.70184,3.640,-1,16
900,5.70547,3.632,-1,16
901,5.70909,3.621,-1,16
902,5.71271,3.612,-1,16
903,5.71631,3.602,-1,16
904,5.71990,3.592,-1,16
905,5.72349,3.586,-1,16
906,5.72707,3.581,-1,16
907,5.73064,3.568,-1,16
908,5.73420,3.560,-1,16
909,5.74132,3.558,-1,16
910,5.74487,3.554,-1,16
911,5.74842,3.544,-1,16
912,5.75196,3.547,-1,16
913,5.75551,3.546,-1,16
914,5.75905,3.538,-1,16
915,5.76259,3.539,-1,16
916,5.76612,3.537,-1,16
917,5.76966,3.537,-1,16
918,5.77320,3.539,-1,16
919,5.77673,3.532,-1,16
920,5.78027,3.538,-1,16
921,5.78381,3.539,-1,16
922,5.78735,3.540,-1,16
923,5.79089,3.545,-1,16
924,5.79444,3.545,-1,16
925,5.79799,3.548,-1,16
926,5.80154,3.553,-1,16
927,5.80510,3.557,-1,16
928,5.80866,3.560,-1,16
929,5.81222,3.565,-1,16
930,5.81579,3.569,-1,16
931,5.81937,3.578,-1,16
932,5.82295,3.580,-1,16
933,5.82653,3.584,-1,16
934,5.83012,3.588,-1,16
935,5.83372,3.594,-1,16
936,5.83732,3.603,-1,16
937,5.84092,3.604,-1,16
938,5.84453,3.605,-1,16
939,5.84814,3.616,-1,16
940,5.85176,3.619,-1,16
941,5.85539,3.624,-1,16
942,5.86264,3.628,-1,16
943,5.86628,3.637,-1,16
944,5.86991,3.634,-1,16
945,5.87355,3.635,-1,16
946,5.87718,3.640,-1,16
947,5.88083,3.640,-1,16
948,5.88447,3.642,-1,16
949,5.88810,3.638,-1,16
950,5.89174,3.634,-1,16
951,5.89538,3.641,-1,16
952,5.89901,3.634,-1,16
953,5.90264,3.631,-1,16
954,5.90627,3.627,-1,16
955,5.90989,3.624,-1,16
956,5.91352,3.622,-1,16
957,5.91713,3.611,-1,16
958,5.92073,3.604,-1,16
959,5.92434,3.603,-1,16
960,5.92793,3.593,-1,16
961,5.93152,3.588,-1,16
962,5.93509,3.577,-1,16
963,5.93866,3.571,-1,16
964,5.94223,3.563,-1,16
965,5.94578,3.548,-1,16
966,5.94931,3.538,-1,16
967,5.95284,3.527,-1,16
968,5.95636,3.517,-1,16
969,5.95986,3.506,-1,16
970,5.96335,3.490,-1,16
971,5.96683,3.477,-1,16
972,5.97030,3.467,-1,16
973,5.97375,3.449,-1,16
974,5.98061,3.425,-1,16
975,5.98401,3.406,-1,16
976,5.98741,3.393,-1,16
977,5.99079,3.380,-1,16
978,5.99415,3.364,-1,16
979,5.99750,3.351,-1,16
980,6.00083,3.333,-1,16
981,6.00415,3.317,-1,16
982,6.00746,3.310,-1,16
983,6.01075,3.291,-1,16
984,6.01403,3.273,-1,16
985,6.01729,3.265,-1,16
986,6.02054,3.251,-1,16
987,6.02378,3.235,-1,16
988,6.02700,3.225,-1,16
989,6.03021,3.207,-1,16
990,6.03341,3.200,-1,16
991,6.03660,3.191,-1,16
992,6.03978,3.176,-1,16
993,6.04294,3.163,-1,16
994,6.04610,3.157,-1,16
995,6.04925,3.150,-1,16
996,6.05239,3.140,-1,16
997,6.05552,3.132,-1,16
998,6.05864,3.123,-1,16
999,6.06176,3.121,-1,16
1000,6.06488,3.116,-1,16
1001,6.06798,3.105,-1,16
1002,6.07109,3.107,-1,16
1003,6.07420,3.108,-1,16
1004,6.07730,3.101,-1,16
1005,6.08039,3.097,-1,16
1006,6.08350,3.103,-1,16
1007,6.08660,3.106,-1,16
1008,6.08971,3.104,-1,16
1009,6.09282,3.108,-1,16
1010,6.09593,3.112,-1,16
1011,6.09904,3.117,-1,16
1012,6.10218,3.132,-1,16
1013,6.10531,3.136,-1,16
1014,6.10845,3.142,-1,16
1015,6.11161,3.154,-1,16
1016,6.11478,3.172,-1,16
1017,6.11796,3.180,-1,16
1018,6.12116,3.203,-1,16
1019,6.12438,3.214,-1,16
1020,6.12761,3.233,-1,16
1021,6.13087,3.257,-1,16
1022,6.13414,3.277,-1,16
1023,6.13744,3.299,-1,16
1024,6.14077,3.326,-1,16
1025,6.14412,3.350,-1,16
1026,6.14750,3.382,-1,16
1027,6.15091,3.412,-1,16
1028,6.15435,3.437,-1,16
1029,6.15783,3.479,-1,16
1030,6.16489,3.546,-1,16
1031,6.16847,3.586,-1,16
1032,6.17210,3.624,-1,16
1033,6.17577,3.667,-1,16
1034,6.17947,3.710,-1,16
1035,6.18323,3.751,-1,16
1036,6.18702,3.798,-1,16
1037,6.19086,3.840,-1,16
1038,6.19476,3.891,-1,16
1039,6.19869,3.938,-1,16
1040,6.20268,3.984,-1,16
1041,6.20671,4.034,-1,16
1042,6.21079,4.081,-1,16
1043,6.21912,4.187,-1,16
1044,6.22335,4.235,-1,16
1045,6.22764,4.283,-1,16
1046,6.23197,4.337,-1,16
1047,6.23636,4.388,-1,16
1048,6.24080,4.437,-1,16
1049,6.24528,4.487,-1,16
1050,6.24983,4.541,-1,16
1051,6.25441,4.586,-1,16
1052,6.25904,4.631,-1,16
1053,6.26372,4.682,-1,16
1054,6.26845,4.730,-1,16
1055,6.27323,4.778,-1,16
1056,6.27805,4.819,-1,16
1057,6.28291,4.862,-1,16
1058,6.28781,4.902,-1,16
1059,6.29276,4.942,-1,16
1060,6.29773,4.978,-1,16
1061,6.30275,5.019,-1,16
1062,6.30781,5.053,-1,16
1063,6.31288,5.078,-1,16
1064,6.31799,5.107,-1,16
1065,6.32313,5.135,-1,16
1066,6.32829,5.165,-1,16
1067,6.33348,5.190,-1,16
1068,6.33869,5.206,-1,16
1069,6.34391,5.222,-1,16
1070,6.34915,5.242,-1,16
1071,6.35441,5.262,-1,16
1072,6.35969,5.276,-1,16
1073,6.36497,5.286,-1,16
1074,6.37556,5.300,-1,16
1075,6.38086,5.305,-1,16
1076,6.38618,5.312,-1,16
1077,6.39149,5.312,-1,16
1078,6.39680,5.310,-1,16
1079,6.40210,5.305,-1,16
1080,6.40741,5.304,-1,16
1081,6.41271,5.305,-1,16
1082,6.41801,5.294,-1,16
1083,6.42329,5.286,-1,16
1084,6.42856,5.272,-1,16
1085,6.43383,5.266,-1,16
1086,6.43909,5.255,-1,16
1087,6.44433,5.244,-1,16
1088,6.44955,5.225,-1,16
1089,6.45476,5.189,-1,16
1090,6.45995,5.171,-1,16
1091,6.46512,5.152,-1,16
1092,6.47540,5.131,-1,16
1093,6.48051,5.108,-1,16
1094,6.48560,5.086,-1,16
1095,6.49066,5.061,-1,16
1096,6.49570,5.021,-1,16
1097,6.50072,4.992,-1,16
1098,6.50571,4.992,-1,16
1099,6.51067,4.962,-1,16
1100,6.51560,4.933,-1,16
1101,6.52052,4.912,-1,16
1102,6.52540,4.886,-1,16
1103,6.53026,4.857,-1,16
1104,6.53508,4.826,-1,16
1105,6.53988,4.793,-1,16
1106,6.54464,4.768,-1,16
1107,6.54938,4.739,-1,16
1108,6.55409,4.711,-1,16
1109,6.55877,4.678,-1,16
1110,6.56342,4.649,-1,16
1111,6.56804,4.618,-1,16
1112,6.57263,4.591,-1,16
1113,6.57719,4.558,-1,16
1114,6.58172,4.532,-1,16
1115,6.58622,4.497,-1,16
1116,6.59069,4.470,-1,16
1117,6.59513,4.441,-1,16
1118,6.59954,4.409,-1,16
1119,6.60392,4.376,-1,16
1120,6.60827,4.354,-1,16
1121,6.61260,4.326,-1,16
1122,6.61689,4.295,-1,16
1123,6.62116,4.265,-1,16
1124,6.62539,4.234,-1,16
1125,6.62960,4.215,-1,16
1126,6.63379,4.189,-1,16
1127,6.63796,4.161,-1,16
1128,6.64209,4.135,-1,16
1129,6.64620,4.113,-1,16
1130,6.65029,4.088,-1,16
1131,6.65436,4.064,-1,16
1132,6.65840,4.040,-1,16
1133,6.66242,4.021,-1,16
1134,6.66642,4.001,-1,16
1135,6.67040,3.980,-1,16
1136,6.67829,3.940,-1,16
1137,6.68221,3.920,-1,16
1138,6.68612,3.908,-1,16
1139,6.69001,3.887,-1,16
1140,6.69388,3.871,-1,16
1141,6.69774,3.861,-1,16
1142,6.70159,3.847,-1,16
1143,6.70542,3.835,-1,16
1144,6.70924,3.816,-1,16
1145,6.71305,3.809,-1,16
1146,6.71685,3.801,-1,16
1147,6.72064,3.790,-1,16
1148,6.72442,3.781,-1,16
1149,6.72819,3.771,-1,16
1150,6.73196,3.768,-1,16
1151,6.73572,3.761,-1,16
1152,6.73947,3.750,-1,16
1153,6.74322,3.752,-1,16
1154,6.74697,3.747,-1,16
1155,6.75072,3.750,-1,16
1156,6.75446,3.743,-1,16
1157,6.75820,3.742,-1,16
1158,6.76196,3.753,-1,16
1159,6.76571,3.751,-1,16
1160,6.76946,3.754,-1,16
1161,6.77321,3.753,-1,16
1162,6.77698,3.764,-1,16
1163,6.78075,3.774,-1,16
1164,6.78453,3.774,-1,16
1165,6.78831,3.783,-1,16
1166,6.79210,3.794,-1,16
1167,6.79590,3.800,-1,16
1168,6.80353,3.816,-1,16
1169,6.80736,3.829,-1,16
1170,6.81120,3.843,-1,16
1171,6.81891,3.858,-1,16
1172,6.82278,3.870,-1,16
1173,6.82666,3.884,-1,16
1174,6.83056,3.893,-1,16
1175,6.83446,3.899,-1,16
1176,6.83837,3.914,-1,16
1177,6.84230,3.927,-1,16
1178,6.84623,3.936,-1,16
1179,6.85017,3.938,-1,16
1180,6.85412,3.947,-1,16
1181,6.85808,3.965,-1,16
1182,6.86205,3.966,-1,16
1183,6.86602,3.972,-1,16
1184,6.86999,3.974,-1,16
1185,6.87398,3.986,-1,16
1186,6.87797,3.991,-1,16
1187,6.88196,3.987,-1,16
1188,6.88595,3.991,-1,16
1189,6.88995,3.996,-1,16
1190,6.89395,4.002,-1,16
1191,6.89794,3.996,-1,16
1192,6.90194,3.996,-1,16
1193,6.90594,3.999,-1,16
1194,6.90994,3.997,-1,16
1195,6.91393,3.995,-1,16
1196,6.91792,3.990,-1,16
1197,6.92191,3.992,-1,16
1198,6.92590,3.989,-1,16
1199,6.92989,3.985,-1,16
1200,6.93386,3.975,-1,16
1201,6.93783,3.969,-1,16
1202,6.94180,3.971,-1,16
1203,6.94576,3.957,-1,16
1204,6.94971,3.952,-1,16
1205,6.95365,3.942,-1,16
1206,6.95758,3.931,-1,16
1207,6.96151,3.923,-1,16
1208,6.96542,3.909,-1,16
1209,6.96932,3.899,-1,16
1210,6.97320,3.887,-1,16
1211,6.97708,3.877,-1,16
1212,6.98094,3.861,-1,16
1213,6.98478,3.844,-1,16
1214,6.98862,3.832,-1,16
1215,6.99243,3.817,-1,16
1216,6.99624,3.803,-1,16
1217,7.00002,3.786,-1,16
1218,7.00379,3.764,-1,16
1219,7.00754,3.755,-1,16
1220,7.01128,3.735,-1,16
1221,7.01500,3.720,-1,16
1222,7.01869,3.697,-1,16
1223,7.02237,3.679,-1,16
1224,7.02604,3.664,-1,16
1225,7.02968,3.647,-1,16
1226,7.03331,3.628,-1,16
1227,7.03692,3.609,-1,16
1228,7.04051,3.591,-1,16
1229,7.04409,3.558,-1,16
1230,7.05118,3.539,-1,16
1231,7.05471,3.528,-1,16
1232,7.05822,3.506,-1,16
1233,7.06171,3.495,-1,16
1234,7.06519,3.480,-1,16
1235,7.06865,3.460,-1,16
1236,7.07211,3.453,-1,16
1237,7.07554,3.434,-1,16
1238,7.07896,3.423,-1,16
1239,7.08237,3.409,-1,16
1240,7.08576,3.394,-1,16
1241,7.08915,3.387,-1,16
1242,7.09253,3.376,-1,16
1243,7.09589,3.361,-1,16
1244,7.09924,3.352,-1,16
1245,7.10258,3.341,-1,16
1246,7.10591,3.333,-1,16
1247,7.10924,3.331,-1,16
1248,7.11257,3.322,-1,16
1249,7.11588,3.309,-1,16
1250,7.12249,3.306,-1,16
1251,7.12909,3.299,-1,16
1252,7.13239,3.298,-1,16
1253,7.13568,3.294,-1,16
1254,7.13898,3.298,-1,16
1255,7.14228,3.296,-1,16
1256,7.14557,3.297,-1,16
1257,7.14888,3.304,-1,16
1258,7.15218,3.304,-1,16
1259,7.15549,3.311,-1,16
1260,7.15881,3.314,-1,16
1261,7.16213,3.319,-1,16
1262,7.16546,3.332,-1,16
1263,7.16880,3.341,-1,16
1264,7.17214,3.344,-1,16
1265,7.17550,3.359,-1,16
1266,7.17887,3.373,-1,16
1267,7.18226,3.384,-1,16
1268,7.18566,3.400,-1,16
1269,7.18907,3.413,-1,16
1270,7.19250,3.430,-1,16
1271,7.19595,3.451,-1,16
1272,7.19942,3.469,-1,16
1273,7.20291,3.491,-1,16
1274,7.20643,3.513,-1,16
1275,7.20996,3.537,-1,16
1276,7.21352,3.560,-1,16
1277,7.21710,3.583,-1,16
1278,7.22072,3.610,-1,16
1279,7.22435,3.638,-1,16
1280,7.22802,3.666,-1,16
1281,7.23171,3.696,-1,16
1282,7.23544,3.728,-1,16
1283,7.23920,3.759,-1,16
1284,7.24300,3.794,-1,16
1285,7.24682,3.824,-1,16
1286,7.25069,3.867,-1,16
1287,7.25459,3.904,-1,16
1288,7.25853,3.937,-1,16
1289,7.26251,3.984,-1,16
1290,7.26654,4.028,-1,16
1291,7.27061,4.075,-1,16
1292,7.27473,4.114,-1,16
1293,7.27889,4.164,-1,16
1294,7.28310,4.213,-1,16
1295,7.28737,4.264,-1,16
1296,7.29168,4.313,-1,16
1297,7.29604,4.362,-1,16
1298,7.30046,4.413,-1,16
1299,7.30492,4.464,-1,16
1300,7.30944,4.515,-1,16
1301,7.31862,4.617,-1,16
1302,7.32329,4.668,-1,16
1303,7.32800,4.715,-1,16
1304,7.33276,4.755,-1,16
1305,7.33756,4.805,-1,16
1306,7.34242,4.855,-1,16
1307,7.34731,4.896,-1,16
1308,7.35225,4.933,-1,16
1309,7.35722,4.972,-1,16
1310,7.36223,5.006,-1,16
1311,7.36727,5.044,-1,16
1312,7.37234,5.072,-1,16
1313,7.37745,5.106,-1,16
1314,7.38258,5.128,-1,16
1315,7.38773,5.152,-1,16
1316,7.39290,5.171,-1,16
1317,7.39809,5.191,-1,16
1318,7.40330,5.212,-1,16
1319,7.40853,5.224,-1,16
1320,7.41376,5.238,-1,16
1321,7.42425,5.253,-1,16
1322,7.42951,5.259,-1,16
1323,7.43477,5.258,-1,16
1324,7.44002,5.256,-1,16
1325,7.44528,5.255,-1,16
1326,7.45053,5.252,-1,16
1327,7.45578,5.247,-1,16
1328,7.46102,5.242,-1,16
1329,7.46625,5.235,-1,16
1330,7.47147,5.219,-1,16
1331,7.47668,5.207,-1,16
1332,7.48187,5.194,-1,16
1333,7.48706,5.185,-1,16
1334,7.49223,5.167,-1,16
1335,7.49737,5.149,-1,16
1336,7.50250,5.125,-1,16
1337,7.50761,5.108,-1,16
1338,7.51270,5.093,-1,16
1339,7.51777,5.073,-1,16
1340,7.52282,5.042,-1,16
1341,7.52783,5.016,-1,16
1342,7.53283,4.996,-1,16
1343,7.53780,4.972,-1,16
1344,7.54275,4.946,-1,16
1345,7.54766,4.919,-1,16
1346,7.55256,4.895,-1,16
1347,7.55742,4.865,-1,16
1348,7.56226,4.838,-1,16
1349,7.56707,4.809,-1,16
1350,7.57186,4.754,-1,16
1351,7.58134,4.726,-1,16
1352,7.58603,4.693,-1,16
1353,7.59070,4.666,-1,16
1354,7.59533,4.636,-1,16
1355,7.59994,4.607,-1,16
1356,7.60452,4.577,-1,16
1357,7.60906,4.548,-1,16
1358,7.61358,4.516,-1,16
1359,7.61806,4.484,-1,16
1360,7.62252,4.456,-1,16
1361,7.62695,4.429,-1,16
1362,7.63135,4.404,-1,16
1363,7.63573,4.376,-1,16
1364,7.64008,4.346,-1,16
1365,7.64439,4.314,-1,16
1366,7.64868,4.293,-1,16
1367,7.65295,4.242,-1,16
1368,7.65719,4.212,-1,16
1369,7.66140,4.188,-1,16
1370,7.66975,4.166,-1,16
1371,7.67390,4.142,-1,16
1372,7.67802,4.119,-1,16
1373,7.68211,4.096,-1,16
1374,7.68619,4.082,-1,16
1375,7.69025,4.057,-1,16
1376,7.69429,4.042,-1,16
1377,7.69831,4.021,-1,16
1378,7.70232,4.003,-1,16
1379,7.70631,3.993,-1,16
1380,7.71028,3.974,-1,16
1381,7.71424,3.960,-1,16
1382,7.71819,3.945,-1,16
1383,7.72212,3.936,-1,16
1384,7.72605,3.924,-1,16
1385,7.72996,3.909,-1,16
1386,7.73386,3.899,-1,16
1387,7.73775,3.893,-1,16
1388,7.74164,3.890,-1,16
1389,7.74552,3.877,-1,16
1390,7.74939,3.869,-1,16
1391,7.75325,3.867,-1,16
1392,7.75711,3.860,-1,16
1393,7.76097,3.862,-1,16
1394,7.76483,3.855,-1,16
1395,7.76869,3.859,-1,16
1396,7.77255,3.858,-1,16
1397,7.78026,3.856,-1,16
1398,7.78412,3.858,-1,16
1399,7.78798,3.863,-1,16
1400,7.79184,3.866,-1,16
1401,7.79571,3.865,-1,16
1402,7.79958,3.872,-1,16
1403,7.80346,3.878,-1,16
1404,7.80734,3.885,-1,16
1405,7.81123,3.884,-1,16
1406,7.81512,3.889,-1,16
1407,7.81902,3.903,-1,16
1408,7.82292,3.905,-1,16
1409,7.82684,3.915,-1,16
1410,7.83076,3.923,-1,16
1411,7.83469,3.933,-1,16
1412,7.83864,3.941,-1,16
1413,7.84258,3.948,-1,16
1414,7.84655,3.963,-1,16
1415,7.85052,3.971,-1,16
1416,7.85450,3.983,-1,16
1417,7.85849,3.995,-1,16
1418,7.86250,4.002,-1,16
1419,7.86651,4.015,-1,16
1420,7.87053,4.023,-1,16
1421,7.87457,4.037,-1,16
1422,7.88268,4.059,-1,16
1423,7.88675,4.069,-1,16
1424,7.89083,4.080,-1,16
1425,7.89492,4.091,-1,16
1426,7.89902,4.098,-1,16
1427,7.90313,4.113,-1,16
1428,7.90725,4.117,-1,16
1429,7.91138,4.133,-1,16
1430,7.91552,4.140,-1,16
1431,7.91967,4.150,-1,16
1432,7.92382,4.153,-1,16
1433,7.92798,4.160,-1,16
1434,7.93215,4.169,-1,16
1435,7.93633,4.175,-1,16
1436,7.94051,4.179,-1,16
1437,7.94469,4.180,-1,16
1438,7.94887,4.185,-1,16
1439,7.95305,4.183,-1,16
1440,7.95724,4.187,-1,16
1441,7.96143,4.189,-1,16
1442,7.96562,4.189,-1,16
1443,7.96980,4.184,-1,16
1444,7.97399,4.182,-1,16
1445,7.97817,4.183,-1,16
1446,7.98235,4.177,-1,16
1447,7.98652,4.173,-1,16
1448,7.99069,4.168,-1,16
1449,7.99485,4.164,-1,16
1450,7.99901,4.158,-1,16
1451,8.00315,4.146,-1,16
1452,8.00729,4.139,-1,16
1453,8.01555,4.124,-1,16
1454,8.01966,4.109,-1,16
1455,8.02376,4.088,-1,16
1456,8.02784,4.088,-1,16
1457,8.03192,4.076,-1,16
1458,8.03598,4.063,-1,16
1459,8.04003,4.045,-1,16
1460,8.04406,4.037,-1,16
1461,8.04808,4.018,-1,16
1462,8.05209,4.009,-1,16
1463,8.05608,3.993,-1,16
1464,8.06006,3.977,-1,16
1465,8.06402,3.957,-1,16
1466,8.06796,3.943,-1,16
1467,8.07189,3.932,-1,16
1468,8.07580,3.912,-1,16
1469,8.07970,3.895,-1,16
1470,8.08358,3.884,-1,16
1471,8.08745,3.865,-1,16
1472,8.09130,3.849,-1,16
1473,8.09513,3.818,-1,16
1474,8.10275,3.805,-1,16
1475,8.10654,3.786,-1,16
1476,8.11031,3.776,-1,16
1477,8.11407,3.757,-1,16
1478,8.11782,3.734,-1,16
1479,8.12156,3.734,-1,16
1480,8.12527,3.719,-1,16
1481,8.12899,3.711,-1,16
1482,8.13269,3.701,-1,16
1483,8.13638,3.690,-1,16
1484,8.14006,3.680,-1,16
1485,8.14373,3.670,-1,16
1486,8.14739,3.657,-1,16
1487,8.15105,3.657,-1,16
1488,8.15470,3.651,-1,16
1489,8.15835,3.649,-1,16
1490,8.16199,3.642,-1,16
1491,8.16564,3.646,-1,16
1492,8.16928,3.642,-1,16
1493,8.17292,3.641,-1,16
1494,8.17657,3.646,-1,16
1495,8.18021,3.647,-1,16
1496,8.18387,3.654,-1,16
1497,8.18753,3.660,-1,16
1498,8.19120,3.667,-1,16
1499,8.19488,3.681,-1,16
1500,8.19857,3.689,-1,16
1501,8.20227,3.702,-1,16
1502,8.20598,3.716,-1,16
1503,8.20972,3.738,-1,16
1504,8.21348,3.754,-1,16
1505,8.22104,3.794,-1,16
1506,8.22486,3.819,-1,16
1507,8.22870,3.844,-1,16
1508,8.23257,3.869,-1,16
1509,8.23647,3.895,-1,16
1510,8.24039,3.929,-1,16
1511,8.24436,3.966,-1,16
1512,8.24836,3.996,-1,16
1513,8.25239,4.031,-1,16
1514,8.25646,4.071,-1,16
1515,8.26057,4.113,-1,16
1516,8.26472,4.153,-1,16
1517,8.26892,4.198,-1,16
1518,8.27317,4.244,-1,16
1519,8.27746,4.289,-1,16
1520,8.28180,4.341,-1,16
1521,8.28618,4.384,-1,16
1522,8.29062,4.440,-1,16
1523,8.29511,4.487,-1,16
1524,8.29965,4.542,-1,16
1525,8.30424,4.591,-1,16
1526,8.31835,4.757,-1,16
1527,8.32316,4.809,-1,16
1528,8.32803,4.868,-1,16
1529,8.33295,4.924,-1,16
1530,8.33793,4.979,-1,16
1531,8.34297,5.034,-1,16
1532,8.34806,5.088,-1,16
1533,8.35320,5.139,-1,16
1534,8.35839,5.190,-1,16
1535,8.36363,5.246,-1,16
1536,8.36892,5.293,-1,16
1537,8.37427,5.344,-1,16
1538,8.37965,5.381,-1,16
1539,8.38508,5.432,-1,16
1540,8.39056,5.478,-1,16
1541,8.39608,5.520,-1,16
1542,8.40163,5.553,-1,16
1543,8.40722,5.590,-1,16
1544,8.41285,5.626,-1,16
1545,8.41851,5.662,-1,16
1546,8.42420,5.691,-1,16
1547,8.42992,5.717,-1,16
1548,8.43566,5.739,-1,16
1549,8.44142,5.762,-1,16
1550,8.44721,5.786,-1,16
1551,8.45301,5.807,-1,16
1552,8.45883,5.819,-1,16
1553,8.46466,5.826,-1,16
1554,8.47635,5.854,-1,16
1555,8.48222,5.868,-1,16
1556,8.48809,5.866,-1,16
1557,8.49395,5.864,-1,16
1558,8.49982,5.866,-1,16
1559,8.50569,5.876,-1,16
1560,8.51156,5.871,-1,16
1561,8.51742,5.861,-1,16
1562,8.52327,5.846,-1,16
1563,8.52912,5.847,-1,16
1564,8.53496,5.844,-1,16
1565,8.54079,5.827,-1,16
1566,8.54660,5.808,-1,16
1567,8.55239,5.796,-1,16
1568,8.55818,5.786,-1,16
1569,8.56395,5.774,-1,16
1570,8.56970,5.749,-1,16
1571,8.57542,5.722,-1,16
1572,8.58113,5.706,-1,16
1573,8.58682,5.687,-1,16
1574,8.59248,5.666,-1,16
1575,8.59812,5.635,-1,16
1576,8.60373,5.608,-1,16
1577,8.61486,5.557,-1,16
1578,8.62039,5.531,-1,16
1579,8.62589,5.502,-1,16
1580,8.63136,5.465,-1,16
1581,8.63679,5.432,-1,16
1582,8.64220,5.406,-1,16
1583,8.64758,5.380,-1,16
1584,8.65292,5.340,-1,16
1585,8.65822,5.302,-1,16
1586,8.66349,5.268,-1,16
1587,8.66873,5.237,-1,16
1588,8.67393,5.210,-1,16
1589,8.67911,5.171,-1,16
1590,8.68424,5.132,-1,16
1591,8.68933,5.096,-1,16
1592,8.69440,5.066,-1,16
1593,8.69943,5.033,-1,16
1594,8.70443,4.996,-1,16
1595,8.70938,4.955,-1,16
1596,8.71431,4.923,-1,16
1597,8.71920,4.892,-1,16
1598,8.72405,4.855,-1,16
1599,8.72887,4.815,-1,16
1600,8.73365,4.786,-1,16
1601,8.73841,4.756,-1,16
1602,8.74313,4.717,-1,16
1603,8.74781,4.679,-1,16
1604,8.75246,4.650,-1,16
1605,8.75708,4.622,-1,16
1606,8.76167,4.595,-1,16
1607,8.76623,4.555,-1,16
1608,8.77075,4.525,-1,16
1609,8.77525,4.498,-1,16
1610,8.78416,4.439,-1,16
1611,8.78857,4.411,-1,16
1612,8.79295,4.385,-1,16
1613,8.79732,4.361,-1,16
1614,8.80165,4.331,-1,16
1615,8.80595,4.302,-1,16
1616,8.81023,4.283,-1,16
1617,8.81449,4.259,-1,16
1618,8.81873,4.236,-1,16
1619,8.82294,4.211,-1,16
1620,8.82713,4.190,-1,16
1621,8.83130,4.169,-1,16
1622,8.83545,4.149,-1,16
1623,8.83957,4.128,-1,16
1624,8.84368,4.109,-1,16
1625,8.84777,4.092,-1,16
1626,8.85185,4.073,-1,16
1627,8.85590,4.055,-1,16
1628,8.85994,4.037,-1,16
1629,8.86397,4.026,-1,16
1630,8.86798,4.014,-1,16
1631,8.87198,4.000,-1,16
1632,8.87995,3.980,-1,16
1633,8.88392,3.974,-1,16
1634,8.88789,3.962,-1,16
1635,8.89184,3.960,-1,16
1636,8.89580,3.954,-1,16
1637,8.89976,3.957,-1,16
1638,8.90371,3.953,-1,16
1639,8.90766,3.951,-1,16
1640,8.91161,3.950,-1,16
1641,8.91556,3.951,-1,16
1642,8.91952,3.960,-1,16
1643,8.92348,3.963,-1,16
1644,8.92744,3.961,-1,16
1645,8.93142,3.976,-1,16
1646,8.93540,3.980,-1,16
1647,8.93939,3.988,-1,16
1648,8.94338,3.995,-1,16
1649,8.94739,4.011,-1,16
1650,8.95142,4.021,-1,16
1651,8.95545,4.031,-1,16
1652,8.95949,4.043,-1,16
1653,8.96355,4.056,-1,16
1654,8.96762,4.075,-1,16
1655,8.97170,4.084,-1,16
1656,8.97580,4.099,-1,16
1657,8.97992,4.114,-1,16
1658,8.98405,4.131,-1,16
1659,8.98819,4.146,-1,16
1660,8.99235,4.156,-1,16
1661,8.99652,4.174,-1,16
1662,9.00071,4.187,-1,16
1663,9.00491,4.202,-1,16
1664,9.00912,4.211,-1,16
1665,9.01335,4.229,-1,16
1666,9.01760,4.247,-1,16
1667,9.02186,4.254,-1,16
1668,9.02612,4.266,-1,16
1669,9.03040,4.278,-1,16
1670,9.03469,4.293,-1,16
1671,9.03899,4.303,-1,16
1672,9.04331,4.319,-1,16
1673,9.04764,4.334,-1,16
1674,9.05632,4.345,-1,16
1675,9.06067,4.354,-1,16
1676,9.06503,4.360,-1,16
1677,9.06940,4.367,-1,16
1678,9.07377,4.373,-1,16
1679,9.07815,4.382,-1,16
1680,9.08254,4.384,-1,16
1681,9.08692,4.381,-1,16
1682,9.09130,4.387,-1,16
1683,9.09570,4.391,-1,16
1684,9.10009,4.390,-1,16
1685,9.10447,4.387,-1,16
1686,9.10886,4.385,-1,16
1687,9.11324,4.385,-1,16
1688,9.11762,4.380,-1,16
1689,9.12200,4.375,-1,16
1690,9.12636,4.366,-1,16
1691,9.13072,4.362,-1,16
1692,9.13508,4.352,-1,16
1693,9.13942,4.345,-1,16
1694,9.14375,4.328,-1,16
1695,9.14807,4.318,-1,16
1696,9.15238,4.313,-1,16
1697,9.15668,4.302,-1,16
1698,9.16097,4.284,-1,16
1699,9.16524,4.270,-1,16
1700,9.16950,4.259,-1,16
1701,9.17374,4.244,-1,16
1702,9.17797,4.233,-1,16
1703,9.18219,4.218,-1,16
1704,9.18639,4.204,-1,16
1705,9.19058,4.186,-1,16
1706,9.19475,4.173,-1,16
1707,9.19891,4.154,-1,16
1708,9.20305,4.143,-1,16
1709,9.20718,4.123,-1,16
1710,9.21129,4.110,-1,16
1711,9.21538,4.094,-1,16
1712,9.21946,4.076,-1,16
1713,9.22351,4.058,-1,16
1714,9.22756,4.041,-1,16
1715,9.23158,4.030,-1,16
1716,9.23559,4.009,-1,16
1717,9.23959,3.996,-1,16
1718,9.24357,3.976,-1,16
1719,9.24753,3.965,-1,16
1720,9.25148,3.951,-1,16
1721,9.25933,3.917,-1,16
1722,9.26323,3.905,-1,16
1723,9.26713,3.892,-1,16
1724,9.27100,3.876,-1,16
1725,9.27486,3.859,-1,16
1726,9.27871,3.853,-1,16
1727,9.28255,3.835,-1,16
1728,9.28637,3.825,-1,16
1729,9.29018,3.811,-1,16
1730,9.29399,3.802,-1,16
1731,9.29778,3.796,-1,16
1732,9.30157,3.784,-1,16
1733,9.30534,3.779,-1,16
1734,9.30911,3.769,-1,16
1735,9.31288,3.765,-1,16
1736,9.31664,3.760,-1,16
1737,9.32039,3.750,-1,16
1738,9.32414,3.755,-1,16
1739,9.32790,3.753,-1,16
1740,9.33164,3.746,-1,16
1741,9.33539,3.747,-1,16
1742,9.33914,3.747,-1,16
1743,9.34289,3.755,-1,16
1744,9.34664,3.749,-1,16
1745,9.35040,3.753,-1,16
1746,9.35416,3.763,-1,16
1747,9.35793,3.767,-1,16
1748,9.36170,3.775,-1,16
1749,9.36548,3.781,-1,16
1750,9.36927,3.789,-1,16
1751,9.37308,3.807,-1,16
1752,9.37689,3.815,-1,16
1753,9.38072,3.826,-1,16
1754,9.38456,3.845,-1,16
1755,9.38843,3.863,-1,16
1756,9.39230,3.879,-1,16
1757,9.39619,3.890,-1,16
1758,9.40011,3.918,-1,16
1759,9.40406,3.944,-1,16
1760,9.40802,3.967,-1,16
1761,9.41201,3.986,-1,16
1762,9.41603,4.016,-1,16
1763,9.42008,4.055,-1,16
1764,9.42416,4.082,-1,16
1765,9.42827,4.112,-1,16
1766,9.43242,4.146,-1,16
1767,9.43661,4.191,-1,16
1768,9.44084,4.264,-1,16
1769,9.44510,4.306,-1,16
1770,9.44941,4.352,-1,16
1771,9.45816,4.398,-1,16
1772,9.46260,4.442,-1,16
1773,9.46709,4.491,-1,16
1774,9.47164,4.541,-1,16
1775,9.47622,4.588,-1,16
1776,9.48085,4.682,-1,16
1777,9.48554,4.682,-1,16
1778,9.49027,4.733,-1,16
1779,9.49506,4.788,-1,16
1780,9.49989,4.834,-1,16
1781,9.50477,4.879,-1,16
1782,9.50970,4.924,-1,16
1783,9.51467,4.977,-1,16
1784,9.51969,5.021,-1,16
1785,9.52476,5.070,-1,16
1786,9.52988,5.111,-1,16
1787,9.53503,5.154,-1,16
1788,9.54022,5.188,-1,16
1789,9.54545,5.231,-1,16
1790,9.55072,5.268,-1,16
1791,9.55602,5.302,-1,16
1792,9.56135,5.329,-1,16
1793,9.56671,5.358,-1,16
1794,9.57209,5.384,-1,16
1795,9.57749,5.405,-1,16
1796,9.58293,5.433,-1,16
1797,9.58838,5.453,-1,16
1798,9.59384,5.460,-1,16
1799,9.59931,5.471,-1,16
1800,9.60480,5.489,-1,16
1801,9.61030,5.501,-1,16
1802,9.61581,5.508,-1,16
1803,9.62132,5.505,-1,16
1804,9.62682,5.507,-1,16
1805,9.63233,5.511,-1,16
1806,9.63785,5.514,-1,16
1807,9.64335,5.504,-1,16
1808,9.64884,5.494,-1,16
1809,9.65433,5.483,-1,16
1810,9.65981,5.470,-1,16
1811,9.66528,5.456,-1,16
1812,9.67617,5.436,-1,16
1813,9.68158,5.414,-1,16
1814,9.68699,5.406,-1,16
1815,9.69238,5.392,-1,16
1816,9.69774,5.362,-1,16
1817,9.70308,5.338,-1,16
1818,9.70840,5.316,-1,16
1819,9.71369,5.291,-1,16
1820,9.71896,5.267,-1,16
1821,9.72419,5.239,-1,16
1822,9.72941,5.211,-1,16
1823,9.73458,5.177,-1,16
1824,9.73973,5.151,-1,16
1825,9.74485,5.118,-1,16
1826,9.74994,5.092,-1,16
1827,9.75500,5.060,-1,16
1828,9.76003,5.028,-1,16
1829,9.76502,4.986,-1,16
1830,9.76997,4.955,-1,16
1831,9.77490,4.928,-1,16
1832,9.77980,4.897,-1,16
1833,9.78465,4.855,-1,16
1834,9.78947,4.816,-1,16
1835,9.79425,4.787,-1,16
1836,9.79901,4.756,-1,16
1837,9.80373,4.722,-1,16
1838,9.80842,4.684,-1,16
1839,9.81307,4.650,-1,16
1840,9.81768,4.617,-1,16
1841,9.82226,4.582,-1,16
1842,9.82681,4.550,-1,16
1843,9.83133,4.518,-1,16
1844,9.83582,4.486,-1,16
1845,9.84027,4.450,-1,16
1846,9.84469,4.424,-1,16
1847,9.85345,4.361,-1,16
1848,9.85777,4.328,-1,16
1849,9.86208,4.305,-1,16
1850,9.86636,4.277,-1,16
1851,9.87061,4.250,-1,16
1852,9.87482,4.219,-1,16
1853,9.87902,4.197,-1,16
1854,9.88319,4.173,-1,16
1855,9.88735,4.151,-1,16
1856,9.89148,4.130,-1,16
1857,9.89559,4.109,-1,16
1858,9.89967,4.088,-1,16
1859,9.90374,4.070,-1,16
1860,9.90779,4.052,-1,16
1861,9.91183,4.033,-1,16
1862,9.91585,4.021,-1,16
1863,9.91985,4.006,-1,16
1864,9.92385,3.992,-1,16
1865,9.92782,3.978,-1,16
1866,9.93179,3.967,-1,16
1867,9.93575,3.955,-1,16
1868,9.93970,3.950,-1,16
1869,9.94364,3.940,-1,16
1870,9.94757,3.935,-1,16
1871,9.95150,3.924,-1,16
1872,9.95542,3.922,-1,16
1873,9.95934,3.917,-1,16
1874,9.96325,3.913,-1,16
1875,9.96716,3.911,-1,16
1876,9.97107,3.909,-1,16
1877,9.97498,3.907,-1,16
1878,9.98279,3.911,-1,16
1879,9.98671,3.915,-1,16
1880,9.99062,3.913,-1,16
1881,9.99454,3.919,-1,16
1882,9.99847,3.926,-1,16
1883,10.00240,3.934,-1,16
1884,10.00634,3.940,-1,16
1885,10.01029,3.945,-1,16
1886,10.01424,3.957,-1,16
1887,10.01821,3.965,-1,16
1888,10.02219,3.978,-1,16
1889,10.02617,3.986,-1,16
1890,10.03018,4.002,-1,16
1891,10.03419,4.014,-1,16
1892,10.03821,4.025,-1,16
1893,10.04225,4.039,-1,16
1894,10.04630,4.050,-1,16
1895,10.05037,4.071,-1,16
1896,10.05446,4.087,-1,16
1897,10.05856,4.097,-1,16
1898,10.06267,4.114,-1,16
1899,10.06680,4.131,-1,16
1900,10.07095,4.146,-1,16
1901,10.07511,4.160,-1,16
1902,10.07929,4.182,-1,16
1903,10.08349,4.198,-1,16
1904,10.08770,4.213,-1,16
1905,10.09193,4.231,-1,16
1906,10.09618,4.248,-1,16
1907,10.10045,4.269,-1,16
1908,10.10473,4.279,-1,16
1909,10.10903,4.299,-1,16
1910,10.11334,4.314,-1,16
1911,10.11768,4.335,-1,16
1912,10.12202,4.345,-1,16
1913,10.12639,4.364,-1,16
1914,10.13076,4.374,-1,16
1915,10.13515,4.391,-1,16
1916,10.13955,4.403,-1,16
1917,10.14397,4.415,-1,16
1918,10.14840,4.429,-1,16
1919,10.15728,4.447,-1,16
1920,10.16173,4.454,-1,16
1921,10.16620,4.466,-1,16
1922,10.17067,4.472,-1,16
1923,10.17515,4.481,-1,16
1924,10.17964,4.485,-1,16
1925,10.18413,4.492,-1,16
1926,10.18862,4.493,-1,16
1927,10.19312,4.496,-1,16
1928,10.19762,4.500,-1,16
1929,10.20213,4.505,-1,16
1930,10.20663,4.502,-1,16
1931,10.21113,4.501,-1,16
1932,10.21563,4.500,-1,16
1933,10.22013,4.500,-1,16
1934,10.22463,4.498,-1,16
1935,10.22912,4.496,-1,16
1936,10.23362,4.492,-1,16
1937,10.23810,4.485,-1,16
1938,10.24258,4.480,-1,16
1939,10.24705,4.473,-1,16
1940,10.25152,4.470,-1,16
1941,10.25598,4.460,-1,16
1942,10.26044,4.456,-1,16
1943,10.26488,4.440,-1,16
1944,10.26931,4.432,-1,16
1945,10.27373,4.420,-1,16
1946,10.27814,4.413,-1,16
1947,10.28254,4.397,-1,16
1948,10.28693,4.388,-1,16
1949,10.29130,4.375,-1,16
1950,10.30001,4.346,-1,16
1951,10.30435,4.337,-1,16
1952,10.30867,4.324,-1,16
1953,10.31299,4.310,-1,16
1954,10.31729,4.303,-1,16
1955,10.32157,4.283,-1,16
1956,10.32584,4.274,-1,16
1957,10.33010,4.257,-1,16
1958,10.33436,4.252,-1,16
1959,10.33859,4.237,-1,16
1960,10.34281,4.224,-1,16
1961,10.34703,4.218,-1,16
1962,10.35124,4.208,-1,16
1963,10.35543,4.193,-1,16
1964,10.35961,4.179,-1,16
1965,10.36379,4.177,-1,16
1966,10.36796,4.169,-1,16
1967,10.37212,4.164,-1,16
1968,10.37628,4.154,-1,16
1969,10.38043,4.152,-1,16
1970,10.38457,4.145,-1,16
1971,10.38872,4.144,-1,16
1972,10.39286,4.141,-1,16
1973,10.39700,4.139,-1,16
1974,10.40114,4.140,-1,16
1975,10.40528,4.140,-1,16
1976,10.40942,4.145,-1,16
1977,10.41356,4.143,-1,16
1978,10.41772,4.150,-1,16
1979,10.42187,4.158,-1,16
1980,10.42604,4.174,-1,16
1981,10.43439,4.183,-1,16
1982,10.43859,4.193,-1,16
1983,10.44279,4.207,-1,16
1984,10.44702,4.224,-1,16
1985,10.45126,4.239,-1,16
1986,10.45551,4.259,-1,16
1987,10.45980,4.282,-1,16
1988,10.46410,4.300,-1,16
1989,10.46842,4.324,-1,16
1990,10.47277,4.349,-1,16
1991,10.47715,4.378,-1,16
1992,10.48155,4.405,-1,16
1993,10.48599,4.438,-1,16
1994,10.49046,4.471,-1,16
1995,10.49497,4.506,-1,16
1996,10.49951,4.537,-1,16
1997,10.50408,4.576,-1,16
1998,10.50870,4.621,-1,16
1999,10.51336,4.663,-1,16
2000,10.51807,4.702,-1,16
2001,10.52282,4.748,-1,16
2002,10.52761,4.793,-1,16
2003,10.53245,4.841,-1,16
2004,10.54228,4.940,-1,16
2005,10.54727,4.989,-1,16
2006,10.55230,5.037,-1,16
2007,10.55739,5.085,-1,16
2008,10.56253,5.137,-1,16
2009,10.56772,5.190,-1,16
2010,10.57296,5.244,-1,16
2011,10.57826,5.294,-1,16
2012,10.58359,5.338,-1,16
2013,10.58898,5.392,-1,16
2014,10.59443,5.442,-1,16
2015,10.59992,5.496,-1,16
2016,10.60547,5.543,-1,16
2017,10.61105,5.584,-1,16
2018,10.61668,5.627,-1,16
2019,10.62235,5.674,-1,16
2020,10.62807,5.722,-1,16
2021,10.63383,5.757,-1,16
2022,10.63962,5.790,-1,16
2023,10.64545,5.825,-1,16
2024,10.65131,5.867,-1,16
2025,10.65721,5.902,-1,16
2026,10.66314,5.921,-1,16
2027,10.66908,5.949,-1,16
2028,10.67506,5.976,-1,16
2029,10.68106,6.002,-1,16
2030,10.68709,6.023,-1,16
2031,10.69312,6.037,-1,16
2032,10.69917,6.045,-1,16
2033,10.70523,6.059,-1,16
2034,10.71739,6.085,-1,16
2035,10.72347,6.080,-1,16
2036,10.72954,6.079,-1,16
2037,10.73563,6.082,-1,16
2038,10.74172,6.091,-1,16
2039,10.74780,6.084,-1,16
2040,10.75387,6.070,-1,16
2041,10.75993,6.058,-1,16
2042,10.76598,6.054,-1,16
2043,10.77204,6.053,-1,16
2044,10.77807,6.034,-1,16
2045,10.78407,6.000,-1,16
2046,10.79006,5.986,-1,16
2047,10.79604,5.983,-1,16
2048,10.80200,5.958,-1,16
2049,10.80793,5.928,-1,16
2050,10.81382,5.895,-1,16
2051,10.81970,5.882,-1,16
2052,10.82557,5.864,-1,16
2053,10.83139,5.829,-1,16
2054,10.83718,5.786,-1,16
2055,10.84294,5.759,-1,16
2056,10.84867,5.734,-1,16
2057,10.85438,5.706,-1,16
2058,10.86004,5.661,-1,16
2059,10.86566,5.622,-1,16
2060,10.87125,5.592,-1,16
2061,10.87681,5.562,-1,16
2062,10.88234,5.524,-1,16
2063,10.88782,5.482,-1,16
2064,10.89867,5.404,-1,16
2065,10.90404,5.371,-1,16
2066,10.90937,5.331,-1,16
2067,10.91466,5.291,-1,16
2068,10.91991,5.249,-1,16
2069,10.92512,5.206,-1,16
2070,10.93029,5.169,-1,16
2071,10.93542,5.132,-1,16
2072,10.94051,5.093,-1,16
2073,10.94556,5.048,-1,16
2074,10.95057,5.007,-1,16
2075,10.95554,4.973,-1,16
2076,10.96047,4.935,-1,16
2077,10.96537,4.896,-1,16
2078,10.97022,4.853,-1,16
2079,10.97504,4.817,-1,16
2080,10.97982,4.777,-1,16
2081,10.98456,4.741,-1,16
2082,10.98926,4.700,-1,16
2083,10.99393,4.665,-1,16
2084,10.99856,4.630,-1,16
2085,11.00315,4.593,-1,16
2086,11.00770,4.550,-1,16
2087,11.01222,4.518,-1,16
2088,11.01670,4.485,-1,16
2089,11.02116,4.454,-1,16
2090,11.02557,4.385,-1,16
2091,11.02996,4.353,-1,16
2092,11.03431,4.353,-1,16
2093,11.03863,4.320,-1,16
2094,11.04292,4.292,-1,16
2095,11.04718,4.257,-1,16
2096,11.05141,4.234,-1,16
2097,11.05562,4.180,-1,16
2098,11.06395,4.149,-1,16
2099,11.06808,4.126,-1,16
2100,11.07218,4.106,-1,16
2101,11.07626,4.082,-1,16
2102,11.08032,4.059,-1,16
2103,11.08436,4.039,-1,16
2104,11.08838,4.023,-1,16
2105,11.09239,4.002,-1,16
2106,11.09637,3.985,-1,16
2107,11.10034,3.972,-1,16
2108,11.10430,3.955,-1,16
2109,11.10824,3.946,-1,16
2110,11.11218,3.932,-1,16
2111,11.11610,3.924,-1,16
2112,11.12001,3.909,-1,16
2113,11.12392,3.908,-1,16
2114,11.12782,3.898,-1,16
2115,11.13171,3.895,-1,16
2116,11.13560,3.894,-1,16
2117,11.13950,3.891,-1,16
2118,11.14338,3.890,-1,16
2119,11.14728,3.890,-1,16
2120,11.15117,3.891,-1,16
2121,11.15506,3.898,-1,16
2122,11.15896,3.897,-1,16
2123,11.16287,3.909,-1,16
2124,11.16679,3.914,-1,16
2125,11.17070,3.921,-1,16
2126,11.17464,3.931,-1,16
2127,11.17858,3.940,-1,16
2128,11.18649,3.962,-1,16
2129,11.19047,3.976,-1,16
2130,11.19446,3.991,-1,16
2131,11.19846,4.005,-1,16
2132,11.20248,4.019,-1,16
2133,11.20651,4.031,-1,16
2134,11.21057,4.054,-1,16
2135,11.21464,4.071,-1,16
2136,11.21873,4.089,-1,16
2137,11.22283,4.105,-1,16
2138,11.22696,4.124,-1,16
2139,11.23110,4.143,-1,16
2140,11.23526,4.162,-1,16
2141,11.23945,4.187,-1,16
2142,11.24365,4.201,-1,16
2143,11.24787,4.223,-1,16
2144,11.25212,4.243,-1,16
2145,11.25638,4.265,-1,16
2146,11.26066,4.281,-1,16
2147,11.26496,4.300,-1,16
2148,11.26928,4.321,-1,16
2149,11.27362,4.338,-1,16
2150,11.27798,4.362,-1,16
2151,11.28236,4.375,-1,16
2152,11.28675,4.395,-1,16
2153,11.29116,4.407,-1,16
2154,11.29559,4.440,-1,16
2155,11.30003,4.458,-1,16
2156,11.30896,4.473,-1,16
2157,11.31345,4.491,-1,16
2158,11.31795,4.498,-1,16
2159,11.32246,4.508,-1,16
2160,11.32698,4.523,-1,16
2161,11.33151,4.533,-1,16
2162,11.33606,4.545,-1,16
2163,11.34061,4.552,-1,16
2164,11.34517,4.556,-1,16
2165,11.34973,4.563,-1,16
2166,11.35430,4.573,-1,16
2167,11.35888,4.577,-1,16
2168,11.36346,4.582,-1,16
2169,11.36804,4.581,-1,16
2170,11.37263,4.590,-1,16
2171,11.37721,4.584,-1,16
2172,11.38180,4.587,-1,16
2173,11.38639,4.588,-1,16
2174,11.39098,4.590,-1,16
2175,11.39557,4.585,-1,16
2176,11.40014,4.580,-1,16
2177,11.40472,4.573,-1,16
2178,11.40929,4.570,-1,16
2179,11.41385,4.565,-1,16
2180,11.41841,4.560,-1,16
2181,11.42750,4.541,-1,16
2182,11.43203,4.531,-1,16
2183,11.43656,4.524,-1,16
2184,11.44107,4.512,-1,16
2185,11.44557,4.503,-1,16
2186,11.45007,4.495,-1,16
2187,11.45455,4.483,-1,16
2188,11.45902,4.466,-1,16
2189,11.46347,4.453,-1,16
2190,11.46791,4.443,-1,16
2191,11.47235,4.434,-1,16
2192,11.47677,4.421,-1,16
2193,11.48117,4.402,-1,16
2194,11.48556,4.392,-1,16
2195,11.48994,4.378,-1,16
2196,11.49431,4.367,-1,16
2197,11.49866,4.351,-1,16
2198,11.50300,4.341,-1,16
2199,11.50733,4.330,-1,16
2200,11.51165,4.315,-1,16
2201,11.51595,4.301,-1,16
2202,11.52023,4.286,-1,16
2203,11.52451,4.281,-1,16
2204,11.52878,4.266,-1,16
2205,11.53304,4.256,-1,16
2206,11.53727,4.237,-1,16
2207,11.54150,4.231,-1,16
2208,11.54573,4.221,-1,16
2209,11.54994,4.210,-1,16
2210,11.55413,4.194,-1,16
2211,11.55832,4.190,-1,16
2212,11.56668,4.171,-1,16
2213,11.57084,4.162,-1,16
2214,11.57499,4.153,-1,16
2215,11.57914,4.153,-1,16
2216,11.58329,4.143,-1,16
2217,11.58743,4.141,-1,16
2218,11.59156,4.133,-1,16
2219,11.59569,4.133,-1,16
2220,11.59982,4.127,-1,16
2221,11.60394,4.123,-1,16
2222,11.60807,4.125,-1,16
2223,11.61219,4.124,-1,16
2224,11.61631,4.124,-1,16
2225,11.62044,4.122,-1,16
2226,11.62456,4.128,-1,16
2227,11.62869,4.124,-1,16
2228,11.63282,4.132,-1,16
2229,11.63696,4.136,-1,16
2230,11.64110,4.142,-1,16
2231,11.64525,4.147,-1,16
2232,11.64940,4.154,-1,16
2233,11.65356,4.162,-1,16
2234,11.65773,4.170,-1,16
2235,11.66191,4.181,-1,16
2236,11.66611,4.192,-1,16
2237,11.67031,4.200,-1,16
2238,11.67451,4.210,-1,16
2239,11.67874,4.226,-1,16
2240,11.68723,4.245,-1,16
2241,11.69149,4.264,-1,16
2242,11.69577,4.280,-1,16
2243,11.70008,4.304,-1,16
2244,11.70439,4.318,-1,16
2245,11.70873,4.336,-1,16
2246,11.71309,4.358,-1,16
2247,11.71747,4.381,-1,16
2248,11.72188,4.409,-1,16
2249,11.72631,4.432,-1,16
2250,11.73077,4.462,-1,16
2251,11.73526,4.489,-1,16
2252,11.73979,4.524,-1,16
2253,11.74433,4.550,-1,16
2254,11.74892,4.584,-1,16
2255,11.75354,4.621,-1,16
2256,11.75820,4.661,-1,16
2257,11.76289,4.693,-1,16
2258,11.76762,4.729,-1,16
2259,11.77239,4.767,-1,16
2260,11.77720,4.809,-1,16
2261,11.78205,4.849,-1,16
2262,11.78693,4.887,-1,16
2263,11.79186,4.929,-1,16
2264,11.79683,4.969,-1,16
2265,11.80184,5.007,-1,16
2266,11.81198,5.088,-1,16
2267,11.81710,5.126,-1,16
2268,11.82226,5.162,-1,16
2269,11.82746,5.194,-1,16
2270,11.83268,5.226,-1,16
2271,11.83795,5.264,-1,16
2272,11.84325,5.299,-1,16
2273,11.84857,5.324,-1,16
2274,11.85392,5.347,-1,16
2275,11.85929,5.376,-1,16
2276,11.86469,5.401,-1,16
2277,11.87013,5.431,-1,16
2278,11.87557,5.448,-1,16
2279,11.88104,5.469,-1,16
2280,11.88652,5.481,-1,16
2281,11.89202,5.501,-1,16
2282,11.89754,5.516,-1,16
2283,11.90307,5.530,-1,16
2284,11.90861,5.536,-1,16
2285,11.91415,5.540,-1,16
2286,11.91970,5.549,-1,16
2287,11.92525,5.556,-1,16
2288,11.93081,5.562,-1,16
2289,11.93638,5.561,-1,16
2290,11.94193,5.553,-1,16
2291,11.94748,5.553,-1,16
2292,11.95304,5.554,-1,16
2293,11.95858,5.547,-1,16
2294,11.96412,5.538,-1,16
2295,11.96964,5.515,-1,16
2296,11.98066,5.503,-1,16
2297,11.98615,5.492,-1,16
2298,11.99162,5.470,-1,16
2299,11.99708,5.451,-1,16
2300,12.00251,5.434,-1,16
2301,12.00793,5.418,-1,16
2302,12.01333,5.398,-1,16
2303,12.01870,5.376,-1,16
2304,12.02405,5.350,-1,16
2305,12.02938,5.325,-1,16
2306,12.03468,5.303,-1,16
2307,12.03996,5.280,-1,16
2308,12.04521,5.254,-1,16
2309,12.05044,5.222,-1,16
2310,12.05563,5.189,-1,16
2311,12.06079,5.168,-1,16
2312,12.06594,5.144,-1,16
2313,12.07105,5.110,-1,16
2314,12.07613,5.081,-1,16
2315,12.08117,5.046,-1,16
2316,12.08620,5.023,-1,16
2317,12.09119,4.992,-1,16
2318,12.09615,4.963,-1,16
2319,12.10108,4.928,-1,16
2320,12.10598,4.900,-1,16
2321,12.11085,4.871,-1,16
2322,12.11569,4.840,-1,16
2323,12.12050,4.805,-1,16
2324,12.12528,4.781,-1,16
2325,12.13475,4.720,-1,16
2326,12.13943,4.685,-1,16
2327,12.14410,4.660,-1,16
2328,12.14873,4.636,-1,16
2329,12.15334,4.608,-1,16
2330,12.15792,4.578,-1,16
2331,12.16246,4.547,-1,16
2332,12.16699,4.525,-1,16
2333,12.17149,4.500,-1,16
2334,12.17596,4.472,-1,16
2335,12.18041,4.446,-1,16
2336,12.18483,4.425,-1,16
2337,12.18924,4.405,-1,16
2338,12.19361,4.378,-1,16
2339,12.19797,4.352,-1,16
2340,12.20230,4.335,-1,16
2341,12.20662,4.319,-1,16
2342,12.21092,4.300,-1,16
2343,12.21520,4.275,-1,16
2344,12.21946,4.263,-1,16
2345,12.22371,4.246,-1,16
2346,12.22794,4.233,-1,16
2347,12.23215,4.216,-1,16
2348,12.23636,4.202,-1,16
2349,12.24055,4.193,-1,16
2350,12.24473,4.180,-1,16
2351,12.24890,4.169,-1,16
2352,12.25305,4.153,-1,16
2353,12.25720,4.149,-1,16
2354,12.26134,4.143,-1,16
2355,12.26961,4.125,-1,16
2356,12.27373,4.119,-1,16
2357,12.27784,4.119,-1,16
2358,12.28196,4.111,-1,16
2359,12.28607,4.110,-1,16
2360,12.29017,4.106,-1,16
2361,12.29428,4.113,-1,16
2362,12.29839,4.109,-1,16
2363,12.30250,4.109,-1,16
2364,12.30661,4.107,-1,16
2365,12.31072,4.114,-1,16
2366,12.31485,4.122,-1,16
2367,12.31897,4.120,-1,16
2368,12.32310,4.130,-1,16
2369,12.32724,4.139,-1,16
2370,12.33139,4.150,-1,16
2371,12.33554,4.151,-1,16
2372,12.33970,4.164,-1,16
2373,12.34388,4.178,-1,16
2374,12.34807,4.192,-1,16
2375,12.35227,4.203,-1,16
2376,12.35649,4.213,-1,16
2377,12.36071,4.228,-1,16
2378,12.36496,4.246,-1,16
2379,12.37350,4.277,-1,16
2380,12.37779,4.291,-1,16
2381,12.38210,4.314,-1,16
2382,12.38643,4.326,-1,16
2383,12.39077,4.340,-1,16
2384,12.39513,4.359,-1,16
2385,12.39951,4.380,-1,16
2386,12.40390,4.393,-1,16
2387,12.40831,4.412,-1,16
2388,12.41274,4.427,-1,16
2389,12.41718,4.443,-1,16
2390,12.42164,4.457,-1,16
2391,12.42611,4.476,-1,16
2392,12.43061,4.493,-1,16
2393,12.43512,4.509,-1,16
2394,12.43964,4.521,-1,16
2395,12.44418,4.539,-1,16
2396,12.44873,4.551,-1,16
2397,12.45329,4.564,-1,16
2398,12.45787,4.577,-1,16
2399,12.46246,4.593,-1,16
2400,12.46707,4.604,-1,16
2401,12.47168,4.612,-1,16
2402,12.47630,4.619,-1,16
2403,12.48093,4.629,-1,16
2404,12.48557,4.642,-1,16
2405,12.49022,4.647,-1,16
2406,12.49487,4.651,-1,16
2407,12.49953,4.658,-1,16
2408,12.50419,4.661,-1,16
2409,12.50885,4.667,-1,16
2410,12.51820,4.672,-1,16
2411,12.52287,4.673,-1,16
2412,12.52754,4.674,-1,16
2413,12.53221,4.672,-1,16
2414,12.53688,4.669,-1,16
2415,12.54155,4.663,-1,16
2416,12.54621,4.665,-1,16
2417,12.55087,4.661,-1,16
2418,12.55552,4.651,-1,16
2419,12.56017,4.644,-1,16
2420,12.56481,4.636,-1,16
2421,12.56943,4.630,-1,16
2422,12.57405,4.620,-1,16
2423,12.57867,4.614,-1,16
2424,12.58327,4.600,-1,16
2425,12.58786,4.592,-1,16
2426,12.59244,4.578,-1,16
2427,12.59701,4.568,-1,16
2428,12.60156,4.555,-1,16
2429,12.60611,4.548,-1,16
2430,12.61064,4.533,-1,16
2431,12.61516,4.521,-1,16
2432,12.61967,4.500,-1,16
2433,12.62416,4.497,-1,16
2434,12.62864,4.484,-1,16
2435,12.63311,4.470,-1,16
2436,12.63757,4.456,-1,16
2437,12.64202,4.450,-1,16
2438,12.64646,4.435,-1,16
2439,12.65088,4.421,-1,16
2440,12.65529,4.412,-1,16
2441,12.66409,4.397,-1,16
2442,12.66847,4.380,-1,16
2443,12.67284,4.372,-1,16
2444,12.67720,4.360,-1,16
2445,12.68156,4.358,-1,16
2446,12.68591,4.348,-1,16
2447,12.69025,4.342,-1,16
2448,12.69458,4.331,-1,16
2449,12.69891,4.329,-1,16
2450,12.70324,4.328,-1,16
2451,12.70756,4.321,-1,16
2452,12.71187,4.317,-1,16
2453,12.71620,4.321,-1,16
2454,12.72052,4.323,-1,16
2455,12.72484,4.321,-1,16
2456,12.72916,4.323,-1,16
2457,12.73349,4.326,-1,16
2458,12.73782,4.336,-1,16
2459,12.74216,4.338,-1,16
2460,12.74651,4.344,-1,16
2461,12.75086,4.355,-1,16
2462,12.75523,4.369,-1,16
2463,12.75961,4.375,-1,16
2464,12.76400,4.389,-1,16
2465,12.76840,4.406,-1,16
2466,12.77282,4.423,-1,16
2467,12.77727,4.441,-1,16
2468,12.78173,4.461,-1,16
2469,12.78621,4.482,-1,16
2470,12.79071,4.505,-1,16
2471,12.79525,4.533,-1,16
2472,12.79980,4.556,-1,16
2473,12.80439,4.589,-1,16
2474,12.80901,4.651,-1,16
2475,12.81834,4.678,-1,16
2476,12.82306,4.717,-1,16
2477,12.82781,4.752,-1,16
2478,12.83260,4.793,-1,16
2479,12.83743,4.828,-1,16
2480,12.84230,4.867,-1,16
2481,12.84720,4.905,-1,16
2482,12.85215,4.951,-1,16
2483,12.86219,5.045,-1,16
2484,12.86219,5.085,-1,16
2485,12.86728,5.085,-1,16
2486,12.87240,5.127,-1,16
2487,12.87758,5.173,-1,16
2488,12.88280,5.222,-1,16
2489,12.88807,5.275,-1,16
2490,12.89339,5.319,-1,16
2491,12.89876,5.365,-1,16
2492,12.90417,5.410,-1,16
2493,12.90963,5.461,-1,16
2494,12.91514,5.511,-1,16
2495,12.92070,5.561,-1,16
2496,12.92630,5.604,-1,16
2497,12.93195,5.645,-1,16
2498,12.93764,5.696,-1,16
2499,12.94339,5.741,-1,16
2500,12.94917,5.783,-1,16
2501,12.95499,5.821,-1,16
2502,12.96085,5.862,-1,16
2503,12.96675,5.900,-1,16
2504,12.97269,5.941,-1,16
2505,12.97867,5.974,-1,16
2506,12.98467,6.009,-1,16
2507,12.99071,6.032,-1,16
2508,12.99677,6.065,-1,16
2509,13.00287,6.100,-1,16
2510,13.00900,6.140,-1,16
2511,13.02130,6.159,-1,16
2512,13.02748,6.180,-1,16
2513,13.03369,6.208,-1,16
2514,13.03990,6.213,-1,16
2515,13.04611,6.210,-1,16
2516,13.05233,6.225,-1,16
2517,13.05858,6.251,-1,16
2518,13.06483,6.250,-1,16
2519,13.07107,6.240,-1,16
2520,13.07731,6.238,-1,16
2521,13.08356,6.246,-1,16
2522,13.08982,6.257,-1,16
2523,13.09606,6.240,-1,16
2524,13.10227,6.218,-1,16
2525,13.10849,6.211,-1,16
2526,13.11470,6.217,-1,16
2527,13.12090,6.202,-1,16
2528,13.12708,6.174,-1,16
2529,13.13323,6.147,-1,16
2530,13.13937,6.145,-1,16
2531,13.14551,6.136,-1,16
2532,13.15161,6.105,-1,16
2533,13.15768,6.069,-1,16
2534,13.16373,6.048,-1,16
2535,13.16976,6.034,-1,16
2536,13.17577,6.008,-1,16
2537,13.18174,5.973,-1,16
2538,13.18767,5.926,-1,16
2539,13.19358,5.910,-1,16
2540,13.19947,5.890,-1,16
2541,13.20533,5.855,-1,16
